{
    "ankh_base": {
        "dropout_rate": 0.7273763547614519,
        "l1_dim": 661,
        "l2_dim": 1668,
        "leakyrelu_1_alpha": 0.026733205039049884
    },
    "esm2_t33": {
        "dropout_rate": 0.7956844174771458,
        "l1_dim": 636,
        "l2_dim": 433,
        "leakyrelu_1_alpha": 0.05286754528717738
    },
    "prottrans": {
        "dropout_rate": 0.7883196256738243, 
        "l1_dim": 1297, 
        "l2_dim": 1294, 
        "leakyrelu_1_alpha": 0.14689903517280015
    },
    "final": {
        "batch_size": 130,
        "dropout_rate": 0.35154186929241227,
        "epochs": 39,
        "final_dim": 508,
        "learning_rate": 0.0006536915731422689,
        "patience": 9
    },
    "taxa_256": {
        "dropout_rate": 0.3545169266005104,
        "l1_dim": 100,
        "l2_dim": 68,
        "leakyrelu_1_alpha": 0.5447727242633195
    }
}