{
    "ankh_base": {
        "dropout_rate": [
            0.6634659025347914,
            0.6969020146248196
        ],
        "l1_dim": [
            1620.8,
            1977.2
        ],
        "l2_dim": [
            1064.85,
            1401.15
        ],
        "leakyrelu_1_alpha": [
            0.09353959629425604,
            0.13826400518523355
        ]
    },
    "final": {
        "batch_size": [
            133.5,
            136.5
        ],
        "dropout_rate": [
            0.47483080470812233,
            0.586868703133477
        ],
        "epochs": [
            43.95,
            46.05
        ],
        "final_dim": [
            510.6,
            545.4
        ],
        "learning_rate": [
            0.0006316604649662073,
            0.0006668872582771561
        ],
        "patience": [
            8.55,
            9.45
        ]
    },
    "prottrans": {
        "dropout_rate": [
            0.5524854915676141,
            0.6302008840631748
        ],
        "l1_dim": [
            712.25,
            983.75
        ],
        "l2_dim": [
            929.5,
            1316.5
        ],
        "leakyrelu_1_alpha": [
            0.06124702067801297,
            0.0890612884822384
        ]
    },
    "taxa_256": {
        "dropout_rate": [
            0.30133938761043383,
            0.4076944655905869
        ],
        "l1_dim": [
            85.0,
            115.0
        ],
        "l2_dim": [
            57.8,
            78.2
        ],
        "leakyrelu_1_alpha": [
            0.46305681562382156,
            0.6264886329028174
        ]
    },
    "esm2_t33": {
        "dropout_rate": [
            0.7719067648068444,
            0.8194620701474472
        ],
        "l1_dim": [
            427.65,
            844.35
        ],
        "l2_dim": [
            342.1,
            523.9
        ],
        "leakyrelu_1_alpha": [
            0.03883397496829594,
            0.06690111560605883
        ]
    }
}