{
    "ankh_base": {
        "dropout_rate": [
            0.6273763547614519,
            0.6969020146248196
        ],
        "l1_dim": [
            661,
            1977.2
        ],
        "l2_dim": [
            1064.85,
            1668
        ],
        "leakyrelu_1_alpha": [
            0.026733205039049884,
            0.13826400518523355
        ]
    },
    "final": {
        "batch_size": [
            120.0,
            150.0
        ],
        "dropout_rate": [
            0.4,
            0.58
        ],
        "epochs": [
            4,
            6
        ],
        "final_dim": [
            510.6,
            1024
        ],
        "learning_rate": [
            0.0002,
            0.0007
        ],
        "patience": [
            5,
            10
        ]
    },
    "taxa_256": {
        "dropout_rate": [
            0.30133938761043383,
            0.4076944655905869
        ],
        "l1_dim": [
            85.0,
            115.0
        ],
        "l2_dim": [
            57.8,
            78.2
        ],
        "leakyrelu_1_alpha": [
            0.46305681562382156,
            0.6264886329028174
        ]
    },
    "esm2_t33": {
        "dropout_rate": [
            0.5,
            0.8194620701474472
        ],
        "l1_dim": [
            427.65,
            1024
        ],
        "l2_dim": [
            342.1,
            523.9
        ],
        "leakyrelu_1_alpha": [
            0.03883397496829594,
            0.06690111560605883
        ]
    }
}