{
    "ankh_base": {
        "dropout_rate": 0.6273763547614519,
        "l1_dim": 661,
        "l2_dim": 1668,
        "leakyrelu_1_alpha": 0.026733205039049884
    },
    "esm2_t33": {
        "dropout_rate": 0.5,
        "l1_dim": 1024,
        "l2_dim": 512,
        "leakyrelu_1_alpha": 0.05286754528717738
    },
    "final": {
        "batch_size": 130,
        "dropout_rate": 0.4,
        "epochs": 5,
        "final_dim": 1024,
        "learning_rate": 0.0002,
        "patience": 5
    },
    "taxa_256": {
        "dropout_rate": 0.3545169266005104,
        "l1_dim": 100,
        "l2_dim": 68,
        "leakyrelu_1_alpha": 0.5447727242633195
    }
}